Average Daily P,Utility,Inertia,Days Pcrit Met,Algorithm
0.1199584677,0.1228293027,1,1,Borg
0.4166284171,0.3602814263,0.9595959596,0.9981,Borg
0.4293827887,0.3602258284,0.9898989899,0.9985,Borg
1.8021680794,0.4005508617,0.9393939394,0.904,Borg
1.8150266365,0.4005508617,0.9393939394,0.9048,Borg
1.0755100004,0.3802231626,0.9494949495,0.9557,Borg
1.1140682221,0.3802221726,0.9191919192,0.9568,Borg
2.2014826403,0.4213483771,0.9090909091,0.8756,Borg
2.188766147,0.4215664704,0.9191919192,0.8655,Borg
2.1740532794,0.4200193546,0.8787878788,0.8754,Borg
2.2475997472,0.4325682494,0.8585858586,0.8534,Borg
2.1922161175,0.4215664704,0.9191919192,0.866,Borg
2.1666442795,0.4202235533,0.898989899,0.873,Borg
2.208539722,0.4206521869,0.9292929293,0.8684,Borg
2.2374137176,0.4303551741,0.8484848485,0.8572,Borg
2.1599179991,0.4201535242,0.8686868687,0.8672,Borg
1.8066983503,0.4003527243,0.9090909091,0.9113,Borg
1.8240230161,0.4003527243,0.9090909091,0.9114,Borg
0.6948453854,0.3700553386,0.9898989899,0.9753,Borg
2.0380450724,0.4102519313,0.9191919192,0.8758,Borg
0.7090229697,0.3702789066,0.9292929293,0.9786,Borg
1.8267603217,0.4004889431,0.9292929293,0.9108,Borg
2.0477740118,0.4103956774,0.9191919192,0.8937,Borg
2.0602068535,0.4109229675,0.9393939394,0.8932,Borg
2.05237919,0.4106928266,0.9292929293,0.8941,Borg
1.5066002819,0.3900539705,0.9393939394,0.9316,Borg
1.8574599789,0.4003443617,0.9494949495,0.9122,Borg
2.1571678607,0.4208699779,0.8888888889,0.8617,Borg
2.1595544355,0.4200334681,0.898989899,0.8598,Borg
2.1591835807,0.420535367,0.9292929293,0.8572,Borg
2.0888766964,0.4109244597,0.9595959596,0.8793,Borg
0.1581081418,0.2365740158,1,1,Borg
0.8117773276,0.3703251651,1,0.9666,Borg
2.0291608451,0.4103646681,0.9393939394,0.8752,Borg
2.0574741414,0.4113661352,0.9595959596,0.8667,Borg
2.0441613406,0.4104452566,0.9292929293,0.8808,Borg
2.0387470061,0.4103646681,0.9393939394,0.8753,Borg
1.440038262,0.3903521523,0.9191919192,0.9187,Borg
2.1059941448,0.4101022498,0.9797979798,0.8855,Borg
1.5924667243,0.3902977891,0.9797979798,0.933,Borg
2.0958747396,0.4115327887,0.9696969697,0.8837,Borg
2.1919210176,0.4200613183,0.8585858586,0.878,Borg
2.1958201343,0.4208050903,0.8686868687,0.8763,Borg
0.4524640681,0.3602859886,0.9898989899,0.999,Borg
2.1842532884,0.4208134123,0.9292929293,0.8644,Borg
2.0765980894,0.4102118711,0.9797979798,0.8733,Borg
1.5695143231,0.391259771,0.9898989899,0.923,Borg
1.5708021287,0.391259771,0.9898989899,0.924,Borg
1.5580078788,0.391259771,0.9898989899,0.918,Borg
1.0379856715,0.3800866943,0.9898989899,0.943,Borg
2.053731595,0.4119992877,0.9494949495,0.8769,Borg
2.1124373322,0.4102782159,0.9595959596,0.8865,Borg
2.0935680939,0.4102018953,0.9595959596,0.8862,Borg
1.7997803488,0.4001440981,0.8686868687,0.9061,Borg
1.1481535144,0.3801274133,1,0.9492,Borg
0.1791962643,0.2828028306,1,1,Borg
0.1987227169,0.3131226555,1,1,Borg
0.2255247031,0.3405528978,1,1,Borg
0.2976990268,0.3500382603,1,1,Borg
0.4793961338,0.3601814258,1,0.9976,Borg
1.5499470201,0.3901763844,0.9292929293,0.9338,Borg
1.4654261059,0.3900233755,0.9191919192,0.931,Borg
1.5249422269,0.3903166307,0.9292929293,0.9331,Borg
1.5349286885,0.3903166307,0.9292929293,0.9337,Borg
1.4939033978,0.3900233755,0.9191919192,0.9357,Borg
1.5383846156,0.3901891698,0.9393939394,0.9335,Borg
1.5523381861,0.3906281121,0.9292929293,0.9344,Borg
1.1267427313,0.3801316964,0.9393939394,0.9565,Borg
0.1495720327,0.2143848637,1,1,Borg
1.8612730091,0.4001271418,0.9595959596,0.912,Borg
1.7561568736,0.3904150225,1,0.9087,Borg
1.7371832193,0.3908981159,1,0.9063,Borg
1.7639400124,0.3905372348,1,0.9095,Borg
2.0649478308,0.410502619,0.9494949495,0.8872,Borg
2.1696449062,0.4201775978,0.8484848485,0.8744,Borg
0.0997870908,0.0551982796,0.9898989899,1,Borg
1.4477479692,0.3903175436,0.8787878788,0.9227,Borg
0.1397884394,0.1868712123,1,1,Borg
0.1592622801,0.2410736686,0.9898989899,1,Borg
1.0670721091,0.3802986013,0.9595959596,0.945,Borg
1.8267496111,0.4003460895,0.9595959596,0.9003,Borg
1.518361323,0.3903495253,0.9696969697,0.9312,Borg
0.7372304689,0.3703754489,0.9898989899,0.9763,Borg
0.2081072211,0.3246228169,1,1,Borg
0.1099600533,0.0920080476,0.9898989899,1,Borg
1.8327154306,0.4002176035,0.9292929293,0.9168,Borg
1.8422689237,0.4001582281,0.9393939394,0.9156,Borg
2.0536436609,0.4104980921,0.9393939394,0.8843,Borg
1.8142176787,0.4009726136,0.9494949495,0.8838,Borg
2.1657130721,0.4205187808,0.9090909091,0.8689,Borg
2.1761165046,0.4200586016,0.9191919192,0.8575,Borg
2.1941193594,0.4207113829,0.8888888889,0.875,Borg
2.1075745722,0.4134538556,0.9494949495,0.8879,Borg
0.1699371708,0.2611728036,1,1,Borg
1.7871783978,0.4000756479,0.9191919192,0.9044,Borg
1.5546566823,0.3900535595,0.898989899,0.9365,Borg
1.8787966364,0.4000744562,0.9090909091,0.9173,Borg
0.1879700035,0.2966926874,1,1,Borg
0.129180846,0.1548955073,1,1,Borg
2.0470743121,0.4107490437,0.9494949495,0.8751,Borg
0.6856712342,0.3701251317,0.9898989899,0.9683,Borg
0.2461755208,0.3503530311,0.9898989899,1,Borg
0.0988047422,0.0491120147,1,1,Borg
0.1086311587,0.0870282269,1,1,Borg
0.2145726927,0.3323946964,1,1,Borg
2.0637680739,0.4101745745,0.9191919192,0.8948,Borg
1.1027986112,0.3804470949,0.9797979798,0.9563,Borg
1.1147746882,0.3801715092,0.9898989899,0.9476,Borg
1.4595624234,0.3901894106,0.9797979798,0.9305,Borg
1.0880999209,0.3804470949,0.9797979798,0.9551,Borg
0.6910815423,0.370350273,0.9797979798,0.9767,Borg
1.5354184245,0.3906640696,0.9696969697,0.9331,Borg
1.4891444371,0.3900053775,0.9898989899,0.907,Borg
0.7047655398,0.3701790649,0.9595959596,0.9771,Borg
2.0379225123,0.4109121591,0.9090909091,0.881,Borg
2.019831956,0.4100799952,0.8585858586,0.884,Borg
2.0179514367,0.4110050259,0.898989899,0.8769,Borg
0.7281000002,0.3702350091,0.9696969697,0.9776,Borg
0.4721603075,0.3611452059,0.9595959596,0.9995,Borg
1.5175426833,0.3903780803,0.9898989899,0.9112,Borg
1.830918399,0.4001187478,0.9898989899,0.9106,Borg
0.4453303211,0.3600434573,0.9797979798,0.9989,Borg
1.0718660054,0.3800018223,0.9595959596,0.9475,Borg
0.4438213071,0.3602353637,0.9696969697,0.9994,Borg
0.1299023258,0.16073499,0.9898989899,1,Borg
2.0308965622,0.4100121771,0.898989899,0.899,Borg
2.0298759383,0.4100121771,0.898989899,0.8985,Borg
2.2273111606,0.4203593662,0.9494949495,0.8606,Borg
0.1893724555,0.3005954805,0.9898989899,1,Borg
1.5112441693,0.3906680195,0.797979798,0.9359,MOEA/D
1.8855645934,0.4004931192,0.8888888889,0.9012,MOEA/D
2.0336897976,0.4003888736,0.9292929293,0.8992,MOEA/D
0.4021171689,0.3527619373,0.9898989899,0.9997,MOEA/D
0.4574637572,0.3601544043,0.8787878788,0.9943,MOEA/D
0.3314483897,0.3520877256,0.9797979798,0.9943,MOEA/D
2.1298532201,0.4206821521,0.8383838384,0.864,MOEA/D
0.1862873151,0.273780503,1,1,MOEA/D
1.465515459,0.3901075549,0.9090909091,0.8858,MOEA/D
1.7997304607,0.4003042219,0.8080808081,0.9059,MOEA/D
2.1646189999,0.4201569472,0.9090909091,0.8612,MOEA/D
2.0932052359,0.4128851631,0.9090909091,0.8765,MOEA/D
0.9746836341,0.3704529402,0.9696969697,0.9536,MOEA/D
2.2564207492,0.4310987233,0.9191919192,0.8557,MOEA/D
0.3195991885,0.3510763048,0.9696969697,0.9976,MOEA/D
2.0697498411,0.4101306861,0.8484848485,0.8935,MOEA/D
0.2171603238,0.3243172256,0.9898989899,1,MOEA/D
0.2388322283,0.334510532,1,1,MOEA/D
2.14199647,0.416001015,0.9393939394,0.8577,MOEA/D
0.6854252768,0.3704898348,0.8383838384,0.9771,MOEA/D
0.8113647322,0.3600175392,1,0.9561,MOEA/D
0.8279670252,0.3603132378,1,0.9614,MOEA/D
1.308229644,0.3801759429,0.9292929293,0.9425,MOEA/D
1.0764075833,0.3816479653,0.898989899,0.9456,MOEA/D
1.8167637535,0.4006856435,0.8181818182,0.9122,MOEA/D
1.5329432118,0.3900608784,0.9191919192,0.9189,MOEA/D
0.8315221188,0.3712979605,0.9494949495,0.9576,MOEA/D
0.719147057,0.3701036475,0.8484848485,0.9771,MOEA/D
1.8252885962,0.4006133018,0.8686868687,0.9071,MOEA/D
0.5104726763,0.3603705129,0.9696969697,0.9903,MOEA/D
1.4260379342,0.3814992041,0.9595959596,0.9253,MOEA/D
1.1326249965,0.3802653564,0.898989899,0.9457,MOEA/D
1.8305592832,0.3935915954,0.9292929293,0.9147,MOEA/D
0.889343513,0.3705056779,0.9595959596,0.9412,MOEA/D
0.3434475523,0.3503402894,0.9898989899,0.9929,MOEA/D
0.3592435556,0.3501860672,0.9898989899,0.9978,MOEA/D
2.0197328552,0.4110385487,0.8282828283,0.8686,MOEA/D
2.0909790137,0.4107256784,0.898989899,0.8818,MOEA/D
1.9929105107,0.4105148043,0.8080808081,0.8601,MOEA/D
2.2017952455,0.42329351,0.9090909091,0.8682,MOEA/D
2.169371577,0.4205162355,0.8484848485,0.8735,MOEA/D
1.9208192198,0.4021603881,0.8585858586,0.9122,MOEA/D
1.0578366648,0.3804316866,0.8585858586,0.9577,MOEA/D
0.7321123617,0.370496742,0.8585858586,0.978,MOEA/D
0.7326182092,0.3700774676,0.8686868687,0.9768,MOEA/D
1.8584639567,0.4002498386,0.898989899,0.8955,MOEA/D
0.2883479925,0.3503521573,0.9292929293,1,MOEA/D
1.4058094271,0.3809836721,0.9494949495,0.933,MOEA/D
2.2237652257,0.4255837349,0.9494949495,0.8509,MOEA/D
2.0500369657,0.3830691128,0.9898989899,0.8694,MOEA/D
2.1737018272,0.4208899081,0.8585858586,0.8738,MOEA/D
2.1617429732,0.4300200579,0.8686868687,0.8505,MOEA/D
2.1667346668,0.4300199209,0.8282828283,0.8546,MOEA/D
2.174036079,0.4304843519,0.8686868687,0.852,MOEA/D
2.1657173449,0.4305748459,0.8484848485,0.8529,MOEA/D
2.1707594231,0.43104139,0.8383838384,0.853,MOEA/D
0.1498703524,0.2057417422,0.9595959596,1,MOEA/D
0.1096922459,0.0774548495,0.9898989899,1,MOEA/D
0.1096990208,0.0639097869,1,1,MOEA/D
0.228475351,0.3257029054,1,1,MOEA/D
0.1795589819,0.2679720167,0.9898989899,1,MOEA/D
0.2079352955,0.308645894,1,1,MOEA/D
0.2135532692,0.314427637,1,1,MOEA/D
1.7521023241,0.3905894293,0.9494949495,0.8604,MOEA/D
2.0585381386,0.4112991055,0.8585858586,0.888,MOEA/D
2.1862685144,0.4211330325,0.9292929293,0.8542,MOEA/D
2.2288028422,0.4302304937,0.898989899,0.8576,MOEA/D
1.8233215428,0.4014922704,0.8383838384,0.9102,MOEA/D
2.1059369143,0.4209007565,0.7878787879,0.8599,MOEA/D
2.109690348,0.4200357704,0.8383838384,0.8557,MOEA/D
2.097808903,0.4210785271,0.8282828283,0.8531,MOEA/D
0.1986296839,0.3022527909,0.9797979798,1,MOEA/D
2.088806382,0.4103467197,0.898989899,0.8709,MOEA/D
1.8753061897,0.39047263,0.9393939394,0.9182,MOEA/D
1.8722623961,0.3963892465,0.9494949495,0.895,MOEA/D
2.1166861175,0.4115054001,0.898989899,0.8874,MOEA/D
2.106397103,0.4206714904,0.8181818182,0.859,MOEA/D
0.0995918192,0.0176732861,1,1,MOEA/D
2.2156138393,0.4317658693,0.8484848485,0.8581,MOEA/D
2.2131255693,0.4209175403,0.9191919192,0.8672,MOEA/D
2.2350110681,0.430840131,0.8484848485,0.8639,MOEA/D
2.2431940977,0.4275672334,0.9494949495,0.8555,MOEA/D
2.2082307619,0.4306961689,0.8282828283,0.8603,MOEA/D
1.6673283999,0.3824648218,0.9696969697,0.8931,MOEA/D
2.0246975438,0.4037439455,0.9494949495,0.888,MOEA/D
2.2460997919,0.4318674525,0.9393939394,0.852,MOEA/D
0.323289587,0.350339225,0.9595959596,0.9999,MOEA/D
1.4707243057,0.3900282564,0.8888888889,0.9131,MOEA/D
1.5293987855,0.3909693268,0.8888888889,0.9189,MOEA/D
1.4651242987,0.3907741369,0.8686868687,0.9303,MOEA/D
1.8210464531,0.4000226206,0.8787878788,0.8802,MOEA/D
0.8963002769,0.3706818858,0.9595959596,0.9513,MOEA/D
0.9023070951,0.3717358012,0.9898989899,0.9516,MOEA/D
0.2987473504,0.3504244675,0.9595959596,0.9995,MOEA/D
2.160444806,0.4207141035,0.8383838384,0.876,MOEA/D
1.0391079306,0.3801967239,0.8484848485,0.9532,MOEA/D
2.1599275747,0.4311015178,0.8080808081,0.8509,MOEA/D
1.7959934137,0.4000190026,0.8181818182,0.9013,MOEA/D
2.019235823,0.4102949668,0.8686868687,0.8564,MOEA/D
2.0199584414,0.4105828667,0.8585858586,0.8643,MOEA/D
2.1395458026,0.4202586385,0.7878787879,0.8645,MOEA/D
2.2048642734,0.4304928551,0.8484848485,0.8574,MOEA/D
0.6547737443,0.3614378912,0.9898989899,0.9801,MOEA/D
1.1898165411,0.3802834477,0.9393939394,0.9126,MOEA/D
1.8778835573,0.4022356935,0.8585858586,0.9117,MOEA/D
0.7448778104,0.3710863127,0.9393939394,0.97,MOEA/D
0.4819274173,0.3601589166,0.9494949495,0.9919,MOEA/D
2.1399271456,0.4232499183,0.898989899,0.8538,MOEA/D
2.197229735,0.4305695115,0.8686868687,0.8553,MOEA/D
1.8415832151,0.4002051734,0.8888888889,0.868,MOEA/D
2.2294298313,0.4302770965,0.9292929293,0.8537,MOEA/D
2.2181044497,0.4300269726,0.8888888889,0.8575,MOEA/D
1.589365939,0.3904096688,0.9090909091,0.921,MOEA/D
2.1285587497,0.4210212485,0.8484848485,0.8622,MOEA/D
0.1395992032,0.1759547993,0.9898989899,1,MOEA/D
0.1599200159,0.2274501721,0.9898989899,1,MOEA/D
0.1190949004,0.1109263245,0.9898989899,1,MOEA/D
0.1287889394,0.1319178117,1,1,MOEA/D
0.1199538689,0.1063022816,1,1,MOEA/D
2.2131286962,0.4310464385,0.8282828283,0.8624,MOEA/D
1.794502419,0.4003473094,0.8888888889,0.8576,MOEA/D
1.636523795,0.390088228,0.9191919192,0.9248,MOEA/D
2.2462811239,0.4302171499,0.9191919192,0.8543,MOEA/D
2.1817253068,0.4301573046,0.8383838384,0.8589,MOEA/D
2.0185330918,0.4005321014,0.9292929293,0.8879,MOEA/D
1.8371820202,0.3901590113,0.9494949495,0.8936,MOEA/D
1.8971668625,0.390265098,0.9696969697,0.8552,MOEA/D
0.3294593263,0.3504105776,0.9696969697,0.9979,MOEA/D
1.8987095383,0.3922651109,0.9595959596,0.8582,MOEA/D
0.1975930199,0.2911192882,1,1,MOEA/D
0.1355893841,0.1539881145,1,1,MOEA/D
0.1296294416,0.1402428632,0.9898989899,1,MOEA/D
0.268912266,0.3500004616,0.9090909091,1,MOEA/D
2.0648897147,0.4105926627,0.8686868687,0.8932,MOEA/D
2.2496477343,0.4306810544,0.8888888889,0.8595,MOEA/D
2.1290955839,0.4200154161,0.8787878788,0.8547,MOEA/D
0.1674582548,0.2375128249,1,1,MOEA/D
2.1799167772,0.4120377059,0.9393939394,0.8763,MOEA/D
1.0790532367,0.3801580193,0.8888888889,0.9514,MOEA/D
2.1438514172,0.4156323895,0.9191919192,0.8733,MOEA/D
2.0717794067,0.4102600369,0.8686868687,0.8947,MOEA/D
1.0957893244,0.3807389331,0.9090909091,0.9378,MOEA/D
2.1631357754,0.421597701,0.8787878788,0.8669,MOEA/D
2.0540705726,0.3974235794,0.9696969697,0.871,MOEA/D
1.854401214,0.4008831765,0.8181818182,0.9142,MOEA/D
2.0391746888,0.4100098915,0.8686868687,0.8757,MOEA/D
0.17973936,0.2711889669,0.9696969697,1,MOEA/D
0.1667554681,0.2450100686,0.9898989899,1,MOEA/D
0.189948882,0.2910590758,0.9494949495,1,MOEA/D
1.2257316992,0.380606425,0.9292929293,0.9418,MOEA/D
2.1311750784,0.4203159574,0.8383838384,0.8642,MOEA/D
2.1334642972,0.4205394214,0.8888888889,0.8575,MOEA/D
2.1447918319,0.4204118714,0.898989899,0.8583,MOEA/D
2.1583870504,0.4205046831,0.9090909091,0.8581,MOEA/D
2.1975280049,0.4203687125,0.8383838384,0.8778,MOEA/D
2.100495942,0.4113363327,0.9292929293,0.8728,MOEA/D
1.4671972197,0.3901512654,0.7878787879,0.9306,MOEA/D
1.1508539505,0.3808459154,0.9292929293,0.9159,MOEA/D
2.2069419954,0.4300450897,0.8383838384,0.8592,MOEA/D
1.2118099274,0.3807766596,0.9292929293,0.9402,MOEA/D
1.1417066204,0.3818055089,0.9191919192,0.9472,MOEA/D
0.2377422972,0.340413115,0.9898989899,1,MOEA/D
0.3161485417,0.351139411,0.9494949495,1,MOEA/D
0.3444371456,0.3515405194,0.9797979798,1,MOEA/D
2.1970323706,0.4302262976,0.8787878788,0.8536,MOEA/D
2.1598962639,0.4205821763,0.8181818182,0.8741,MOEA/D
2.0965409788,0.4027298336,0.9696969697,0.8877,MOEA/D
2.2370252342,0.4316390592,0.898989899,0.8593,MOEA/D
2.162354971,0.4111651031,0.9595959596,0.8715,MOEA/D
0.1750388446,0.2528388964,1,1,MOEA/D
2.1817644226,0.4217377738,0.9191919192,0.8662,MOEA/D
2.0993160256,0.4115996323,0.9191919192,0.8687,MOEA/D
0.7204044958,0.3704414177,0.9090909091,0.976,MOEA/D
2.200612012,0.4203897173,0.9191919192,0.867,MOEA/D
2.2412664274,0.4314067482,0.9090909091,0.859,MOEA/D
0.2082013658,0.3153371093,0.9898989899,1,MOEA/D
1.0714283349,0.3800245849,0.8787878788,0.9543,MOEA/D
2.0799870711,0.4104726531,0.898989899,0.8577,MOEA/D
2.1959654883,0.4211598747,0.9292929293,0.8654,MOEA/D
2.1986199719,0.4213461808,0.9393939394,0.8644,MOEA/D
0.1498471448,0.1970113144,1,1,MOEA/D
2.1223052495,0.4202036697,0.8585858586,0.8562,MOEA/D
2.1990131882,0.4301865033,0.8888888889,0.8502,MOEA/D
2.1030462148,0.4102049451,0.898989899,0.8845,MOEA/D
1.5702024929,0.3915113928,0.898989899,0.9297,MOEA/D
1.6364452614,0.3911819785,0.9292929293,0.8923,MOEA/D
1.5102679605,0.3901885144,0.8888888889,0.9133,MOEA/D
2.1813054509,0.4206397907,0.8484848485,0.8748,MOEA/D
0.7489243598,0.3702834404,0.9191919192,0.9717,MOEA/D
1.6781444024,0.3902940294,0.9393939394,0.8846,MOEA/D
0.1899651216,0.2820993925,0.9898989899,1,MOEA/D
0.4981671155,0.360072895,0.9292929293,0.995,MOEA/D
0.473947878,0.3602981726,0.9191919192,0.9965,MOEA/D
0.294248229,0.3506300525,0.9393939394,1,MOEA/D
1.8957254084,0.4004237952,0.9191919192,0.9035,MOEA/D
1.938693784,0.4009334854,0.898989899,0.9057,MOEA/D
1.5247643913,0.3802061153,0.9797979798,0.8825,MOEA/D
0.7141994935,0.3701253049,0.797979798,0.9772,MOEA/D
2.1296477425,0.4114376846,0.8888888889,0.8879,MOEA/D
0.5000567739,0.360586348,0.9494949495,0.9955,MOEA/D
1.3569971678,0.3809741311,0.9595959596,0.9181,MOEA/D
0.703037262,0.3701466665,0.8585858586,0.9712,MOEA/D
1.8750827933,0.4000558173,0.8787878788,0.9056,MOEA/D
2.2566685284,0.4405306333,0.8585858586,0.8516,MOEA/D
0.4874358104,0.3500763609,1,0.9974,MOEA/D
1.6020480329,0.3911367805,0.9090909091,0.9211,MOEA/D
1.5006231717,0.3911328998,0.8787878788,0.9152,MOEA/D
1.6007939841,0.3923722079,0.9292929293,0.8872,MOEA/D
0.3328741808,0.3506998186,0.9696969697,0.9993,MOEA/D
2.1580058623,0.4146412618,0.9393939394,0.8738,MOEA/D
1.5533326978,0.3904929144,0.8686868687,0.9338,MOEA/D
1.8612055187,0.4003234223,0.8080808081,0.9145,MOEA/D
1.8657924662,0.4006059508,0.8686868687,0.9114,MOEA/D
1.8685709899,0.4000027365,0.8787878788,0.9055,MOEA/D
0.7228547572,0.3702033646,0.8181818182,0.978,MOEA/D
1.8855048745,0.4000408604,0.9090909091,0.8717,MOEA/D
1.6957825484,0.3902318662,0.9292929293,0.9035,MOEA/D
1.734006434,0.3933534983,0.9393939394,0.9098,MOEA/D
0.4753164593,0.3601717303,0.898989899,0.9979,MOEA/D
1.3418900844,0.3802085088,0.9494949495,0.9142,MOEA/D
1.951357217,0.4024532655,0.9292929293,0.8845,MOEA/D
0.6484323499,0.3612959151,0.9797979798,0.9771,MOEA/D
2.0738247211,0.4103106124,0.8787878788,0.8906,MOEA/D
2.0640763637,0.4106415872,0.8787878788,0.8837,MOEA/D
2.0530133352,0.4101963636,0.8484848485,0.8907,MOEA/D
1.2061710338,0.3804398294,0.9090909091,0.9487,MOEA/D
1.2114130968,0.3820100891,0.9090909091,0.9498,MOEA/D
2.0488806453,0.4109963253,0.8484848485,0.8894,MOEA/D
2.2254532576,0.4300341849,0.8888888889,0.8588,MOEA/D
1.0425450631,0.3801545579,0.8282828283,0.956,MOEA/D
1.0674868922,0.3801967653,0.8282828283,0.9581,MOEA/D
1.1266991966,0.3803060997,0.9191919192,0.943,MOEA/D
0.721180791,0.3702532986,0.8484848485,0.9777,MOEA/D
2.1189345844,0.4120450768,0.9090909091,0.8856,MOEA/D
0.3361344479,0.3516311168,0.9595959596,1,MOEA/D
2.1942197622,0.4207427369,0.8585858586,0.8761,MOEA/D
1.8657954018,0.4006416801,0.9191919192,0.8643,MOEA/D
1.4982801139,0.3903308846,0.8484848485,0.9306,MOEA/D
1.8171944144,0.4000637788,0.7575757576,0.9137,MOEA/D
1.8788712498,0.4009435866,0.8282828283,0.9149,MOEA/D
1.9034830172,0.4005416769,0.8787878788,0.9093,MOEA/D
1.8850017658,0.4018723396,0.8787878788,0.9085,MOEA/D
2.2152783935,0.4309354464,0.9090909091,0.856,MOEA/D
2.2097893364,0.4302929699,0.898989899,0.8553,MOEA/D
2.2644229357,0.4400327994,0.9090909091,0.85,MOEA/D
2.2021237078,0.430296691,0.9090909091,0.8526,MOEA/D
2.229953993,0.4304306048,0.8686868687,0.8628,MOEA/D
1.5421265142,0.3901164777,0.898989899,0.9288,MOEA/D
1.5302655802,0.3906029583,0.8888888889,0.9334,MOEA/D
2.2195084417,0.4312783591,0.8585858586,0.858,MOEA/D
1.2211125022,0.3800020628,0.9393939394,0.925,MOEA/D
1.256330719,0.3811985794,0.9393939394,0.9332,MOEA/D
2.1407940548,0.4203051762,0.8888888889,0.8591,MOEA/D
2.1093124078,0.420179307,0.8585858586,0.8527,MOEA/D
1.1943548237,0.3816015264,0.898989899,0.9501,MOEA/D
1.403089446,0.3831449647,0.9393939394,0.9411,MOEA/D
1.4340416279,0.3822100691,0.9494949495,0.9331,MOEA/D
1.3814626002,0.3811743456,0.9494949495,0.9214,MOEA/D
1.7461952461,0.4003929463,0.8383838384,0.893,MOEA/D
1.5068346164,0.3911299078,0.8282828283,0.9334,MOEA/D
1.5759756159,0.3900300056,0.8282828283,0.9351,MOEA/D
1.0103743042,0.3812746371,0.8181818182,0.9571,MOEA/D
1.78344353,0.4003337043,0.8585858586,0.9,MOEA/D
2.2638788867,0.4402070814,0.8181818182,0.852,MOEA/D
2.0275296504,0.4123853563,0.8484848485,0.882,MOEA/D
2.1059588768,0.4211615982,0.8484848485,0.8552,MOEA/D
2.176910619,0.4200579368,0.898989899,0.8724,MOEA/D
2.1386318007,0.4205285529,0.8787878788,0.8638,MOEA/D
1.1134713575,0.381641882,0.9090909091,0.9428,MOEA/D
0.2218830467,0.3302843072,0.9898989899,1,MOEA/D
0.2883019858,0.3516556008,0.9393939394,0.9996,MOEA/D
2.2031689522,0.4300157604,0.8686868687,0.8571,MOEA/D
2.1899631364,0.4202599677,0.8282828283,0.8784,MOEA/D
1.5224170533,0.3904860658,0.8484848485,0.9317,MOEA/D
2.2368327103,0.4306219348,0.7777777778,0.8648,MOEA/D
2.200469539,0.4212467904,0.8787878788,0.8732,MOEA/D
0.4621137947,0.3601570901,0.8888888889,0.9985,MOEA/D
0.1584647006,0.2151062854,1,1,MOEA/D
0.4242031891,0.3600516828,0.8686868687,0.9998,MOEA/D
2.1458106461,0.4202433211,0.8686868687,0.8681,MOEA/D
0.2798514741,0.3500690843,0.9292929293,0.9979,MOEA/D
0.2742796894,0.3506268723,0.9191919192,0.9992,MOEA/D
2.1763888227,0.4219963989,0.9090909091,0.8614,MOEA/D
1.4113145695,0.3901952952,0.8484848485,0.9297,MOEA/D
0.711627827,0.3704929388,0.8787878788,0.9746,MOEA/D
1.0654359355,0.3801565034,0.8888888889,0.9506,MOEA/D
1.78636602,0.4000597202,0.8080808081,0.9043,MOEA/D
1.9221334149,0.400257222,0.898989899,0.9036,MOEA/D
0.885867807,0.3707548738,0.9494949495,0.9602,MOEA/D
2.0581521784,0.4102493037,0.8888888889,0.8759,MOEA/D
2.055617315,0.3925001061,0.9494949495,0.8964,MOEA/D
2.1864820118,0.415250996,0.9191919192,0.878,MOEA/D
2.1977803596,0.4206107553,0.9191919192,0.8663,MOEA/D
2.2004232963,0.4108160798,0.9393939394,0.877,MOEA/D
2.1631264801,0.4109376125,0.9292929293,0.8775,MOEA/D
2.2423185377,0.4302670876,0.797979798,0.8645,MOEA/D
2.031945871,0.4103070592,0.8787878788,0.8733,MOEA/D
2.0592419547,0.4105484275,0.8686868687,0.8812,MOEA/D
1.1197552536,0.3802805956,0.8888888889,0.953,MOEA/D
0.9050013454,0.3705208969,0.9595959596,0.9615,MOEA/D
0.2597317099,0.3403087958,1,1,MOEA/D
2.1899937906,0.4302509816,0.8686868687,0.8545,MOEA/D
1.7985208163,0.400340098,0.8282828283,0.9004,MOEA/D
1.2358920946,0.3815585739,0.9494949495,0.8925,MOEA/D
1.5501589547,0.3906969673,0.8181818182,0.9349,MOEA/D
2.1190918518,0.4223751699,0.8686868687,0.8513,MOEA/D
2.1202971149,0.4213061341,0.8686868687,0.8555,MOEA/D
1.9289854627,0.3929958317,0.9595959596,0.8764,MOEA/D
2.0854956242,0.410243814,0.9090909091,0.8685,MOEA/D
2.1944807042,0.4103476747,1,0.8637,NSGAII
2.2026468498,0.4122155503,1,0.8654,NSGAII
0.1099080142,0.076136025,1,1,NSGAII
0.1192447403,0.1100777198,1,1,NSGAII
0.4739770703,0.3604369281,0.9393939394,0.9944,NSGAII
0.1996760401,0.301756592,0.9898989899,1,NSGAII
2.1583910172,0.4217590708,0.898989899,0.8651,NSGAII
2.2338332959,0.4300867272,0.9191919192,0.8567,NSGAII
1.798181375,0.3906428871,1,0.8677,NSGAII
0.1985625807,0.2860775117,1,1,NSGAII
0.179704561,0.2600849366,0.9898989899,1,NSGAII
2.1307890976,0.4204999465,0.9090909091,0.8503,NSGAII
0.7639882917,0.3704828773,0.9595959596,0.9753,NSGAII
0.2370125082,0.3421653582,0.9696969697,1,NSGAII
1.6964116327,0.3901080702,0.9898989899,0.9254,NSGAII
0.2840159853,0.3501943531,0.9494949495,1,NSGAII
0.7299870123,0.3709084875,0.9696969697,0.974,NSGAII
1.4754210706,0.387457538,1,0.9306,NSGAII
1.5894115112,0.3904508293,0.9898989899,0.9152,NSGAII
1.4624562,0.3843867481,1,0.9297,NSGAII
1.4963626555,0.3839969017,1,0.9324,NSGAII
1.647169471,0.3907706902,0.9898989899,0.9211,NSGAII
1.138245314,0.3800396493,0.9898989899,0.949,NSGAII
0.2402187353,0.3418946104,0.9898989899,1,NSGAII
0.2960259248,0.3500086952,0.9696969697,0.9999,NSGAII
0.4838798421,0.3614219068,0.8787878788,0.9968,NSGAII
0.2353962045,0.3327511503,1,1,NSGAII
0.1293321784,0.1456053737,0.9898989899,1,NSGAII
2.1269096536,0.4213306589,0.8686868687,0.865,NSGAII
0.2186419675,0.3166304153,1,1,NSGAII
2.0399421378,0.4102899696,0.8282828283,0.8785,NSGAII
2.2296111739,0.4301911836,0.8787878788,0.8513,NSGAII
0.3273427368,0.3505769918,0.9898989899,0.9911,NSGAII
0.4157916896,0.3513989801,1,1,NSGAII
2.2022235622,0.4313798214,0.8383838384,0.8502,NSGAII
0.0986062814,0.0266348646,1,1,NSGAII
2.2559827337,0.430474012,0.8787878788,0.858,NSGAII
2.2588811163,0.4314370216,0.9292929293,0.8511,NSGAII
2.2394459574,0.4315935633,0.8383838384,0.8573,NSGAII
2.2290414822,0.4302470647,0.8888888889,0.8501,NSGAII
2.2411848736,0.4305017771,0.8585858586,0.8588,NSGAII
0.1484523755,0.1986692563,0.9898989899,1,NSGAII
0.2082303748,0.30680221,1,1,NSGAII
0.2253729133,0.3247043648,1,1,NSGAII
2.0382279783,0.4105271009,0.9090909091,0.8617,NSGAII
1.9498343318,0.4018923506,0.9898989899,0.8974,NSGAII
1.926888477,0.401529827,0.9797979798,0.9011,NSGAII
0.4828859257,0.3614874457,0.9797979798,0.9942,NSGAII
0.4909463236,0.3606486573,0.9797979798,0.9961,NSGAII
0.1887187089,0.2831514417,0.9797979798,1,NSGAII
0.2630367527,0.341808885,1,1,NSGAII
0.108944501,0.0831074566,0.9898989899,1,NSGAII
2.1555605282,0.420144822,0.9292929293,0.8594,NSGAII
1.8499330671,0.4020797156,0.9494949495,0.9008,NSGAII
2.0617762638,0.4102798557,0.9595959596,0.893,NSGAII
2.1887199014,0.4209362476,0.9494949495,0.8651,NSGAII
2.1931506058,0.4238354139,0.9393939394,0.8726,NSGAII
1.8963947477,0.4003487383,0.9393939394,0.9103,NSGAII
2.1779329475,0.4209220449,0.9393939394,0.8711,NSGAII
1.8401340097,0.4004233287,0.9393939394,0.9076,NSGAII
1.1318836794,0.3804396304,0.9292929293,0.9556,NSGAII
1.5820970431,0.3900866072,0.9595959596,0.9334,NSGAII
1.828084297,0.4000174448,0.9494949495,0.8997,NSGAII
2.1695281684,0.420158227,0.9191919192,0.8751,NSGAII
0.1297220804,0.1339948415,1,1,NSGAII
2.0219394855,0.4100121325,0.8787878788,0.8653,NSGAII
1.0297080739,0.3709030681,1,0.9535,NSGAII
1.4841325865,0.3902770204,0.9696969697,0.9328,NSGAII
1.8334386727,0.4003581337,0.9595959596,0.898,NSGAII
2.1493275958,0.4208677307,0.898989899,0.8606,NSGAII
2.0490783176,0.4102075711,0.9797979798,0.8833,NSGAII
2.0597816026,0.4103113859,0.9898989899,0.8769,NSGAII
0.7531537684,0.3700200041,0.9191919192,0.9758,NSGAII
0.1389563142,0.161386225,1,1,NSGAII
1.9012922294,0.4029502067,0.9191919192,0.9108,NSGAII
2.0813313714,0.4103245475,0.9191919192,0.8949,NSGAII
2.1734926536,0.4213991335,0.9292929293,0.8733,NSGAII
1.4657228702,0.3902141276,0.9393939394,0.9352,NSGAII
1.3975077757,0.380517853,1,0.9242,NSGAII
1.0490580353,0.3709933135,1,0.9568,NSGAII
0.3265456222,0.3500624424,0.9696969697,1,NSGAII
1.3204606599,0.3802942148,1,0.9146,NSGAII
0.2868173402,0.3506597371,0.9696969697,0.995,NSGAII
0.7825586052,0.3704516283,0.9898989899,0.9645,NSGAII
0.7973608138,0.3703854104,0.9898989899,0.9648,NSGAII
1.1266608212,0.3802735668,0.9696969697,0.954,NSGAII
0.5009068433,0.3606088564,0.9797979798,0.9962,NSGAII
0.5222958761,0.3601581129,0.9898989899,0.993,NSGAII
0.8828590168,0.3704243345,1,0.952,NSGAII
0.5682316634,0.3603147573,1,0.9856,NSGAII
0.6010165547,0.3616095386,1,0.987,NSGAII
1.6127571282,0.3909571468,0.9898989899,0.9159,NSGAII
2.1710628195,0.4206831275,0.9494949495,0.8594,NSGAII
0.3307442938,0.3502927936,0.9898989899,1,NSGAII
0.2172113447,0.3274483784,0.9898989899,1,NSGAII
0.2225968188,0.3311581593,0.9898989899,1,NSGAII
1.1174262169,0.3800505131,0.9797979798,0.941,NSGAII
1.7938260886,0.4000070656,0.9191919192,0.9062,NSGAII
1.5477799765,0.3902812838,0.9898989899,0.9136,NSGAII
0.1795202724,0.2714918555,0.8787878788,1,NSGAII
0.3184549913,0.350269435,0.9797979798,0.999,NSGAII
1.8786982863,0.4008439522,0.8585858586,0.9106,NSGAII
0.3070189964,0.3503344661,0.9797979798,0.9986,NSGAII
0.5060521802,0.3602492639,0.9898989899,0.9872,NSGAII
1.8414907584,0.4005568496,0.9595959596,0.8994,NSGAII
1.854110882,0.4000514438,0.9595959596,0.9101,NSGAII
1.122514881,0.3804560744,0.9797979798,0.9509,NSGAII
0.8099830246,0.3711827776,0.9898989899,0.971,NSGAII
1.446500995,0.3900986655,0.9696969697,0.9282,NSGAII
1.0960551985,0.3803072887,0.9696969697,0.9533,NSGAII
1.1293478386,0.3801364417,0.9898989899,0.9442,NSGAII
1.4503051969,0.3900709563,0.9797979798,0.9324,NSGAII
1.509004088,0.3900754426,0.9898989899,0.8928,NSGAII
2.1605956368,0.420035899,0.9393939394,0.8539,NSGAII
1.8289903914,0.4002378537,0.9595959596,0.8955,NSGAII
1.197465374,0.3801519154,0.9898989899,0.9503,NSGAII
1.8663935949,0.4003765551,0.9696969697,0.908,NSGAII
2.0890851635,0.4018403167,1,0.8827,NSGAII
2.1345325411,0.4100663822,1,0.8589,NSGAII
0.713503364,0.370530882,0.9797979798,0.9736,NSGAII
1.1079704589,0.3800148181,0.9797979798,0.9358,NSGAII
1.0888893363,0.3803942744,0.8383838384,0.954,NSGAII
2.0520972422,0.4101972761,0.9696969697,0.8839,NSGAII
1.8599894665,0.4017512612,0.9797979798,0.8993,NSGAII
1.8427540132,0.4004065831,0.9898989899,0.8865,NSGAII
0.4848070264,0.3609321222,0.9191919192,0.9958,NSGAII
1.8750456806,0.4000294703,0.9898989899,0.8921,NSGAII
1.064733186,0.3800577229,0.9595959596,0.9482,NSGAII
0.7507710544,0.3703656418,0.9292929293,0.9754,NSGAII
1.1162918369,0.3806158113,0.9292929293,0.9536,NSGAII
0.4786007113,0.36003633,0.9595959596,0.9936,NSGAII
1.0663845145,0.3801233218,0.9191919192,0.9491,NSGAII
1.8717471546,0.4003679734,0.8383838384,0.9112,NSGAII
0.2057036607,0.3118009787,0.9898989899,1,NSGAII
2.1473250347,0.4200240189,0.8484848485,0.8673,NSGAII
0.1495166455,0.1898263391,1,1,NSGAII
1.8732560852,0.4000629619,0.9797979798,0.9004,NSGAII
0.5029749094,0.360066624,0.9494949495,0.9963,NSGAII
2.1937219951,0.4204916182,0.9595959596,0.8668,NSGAII
2.0539716631,0.4100221432,0.8888888889,0.8854,NSGAII
2.2212096377,0.4303100527,0.8585858586,0.855,NSGAII
2.2153032478,0.4305063004,0.7878787879,0.8545,NSGAII
2.1382158672,0.4207470651,0.898989899,0.8569,NSGAII
2.1065119769,0.4202989829,0.8787878788,0.8583,NSGAII
0.7261274315,0.3702562805,0.9292929293,0.9746,NSGAII
0.1596472959,0.2217513719,0.9696969697,1,NSGAII
2.0492714564,0.4105999856,0.8686868687,0.8846,NSGAII
2.1650126714,0.4218351715,0.9292929293,0.8656,NSGAII
0.4695020144,0.3601912263,0.9292929293,0.9944,NSGAII
0.4861103945,0.3600216323,0.8585858586,0.9975,NSGAII
1.9053860327,0.3900628434,1,0.8835,NSGAII
1.0838447853,0.3801781963,0.8585858586,0.9507,NSGAII
0.1393212455,0.1720878243,0.9797979798,1,NSGAII
0.1661127345,0.2310315648,1,1,NSGAII
0.169716767,0.2425908604,0.9898989899,1,NSGAII
0.1598119519,0.2147371828,1,1,NSGAII
0.177470899,0.2574151124,1,1,NSGAII
0.188556011,0.2737278712,1,1,NSGAII
0.7586366105,0.3703367752,0.9393939394,0.9746,NSGAII
2.1578092183,0.4200078918,0.9595959596,0.85,NSGAII
1.8037110981,0.4004077369,0.9292929293,0.9077,NSGAII
2.1451285088,0.4223348445,0.9191919192,0.8536,NSGAII
2.1886360914,0.4202452846,0.9595959596,0.8551,NSGAII
2.1573106687,0.4203646904,0.8282828283,0.8681,NSGAII
0.1499553601,0.2010843418,0.9696969697,1,NSGAII
0.7429241801,0.3704777868,0.898989899,0.9761,NSGAII
0.7467052466,0.3700150401,0.9393939394,0.9745,NSGAII
1.8745134952,0.4002924958,0.9191919192,0.9102,NSGAII
0.1096010385,0.0795577373,1,1,NSGAIII
0.1188516358,0.1124573754,0.9898989899,1,NSGAIII
1.5954313849,0.3808940581,1,0.8674,NSGAIII
2.201727096,0.4212752413,0.8686868687,0.8542,NSGAIII
2.2010152223,0.4211388795,0.8484848485,0.8576,NSGAIII
1.3536171303,0.3704619027,1,0.9337,NSGAIII
0.7769158129,0.3702606962,0.9191919192,0.9737,NSGAIII
1.5633968055,0.3904568344,0.9595959596,0.9174,NSGAIII
1.5138868711,0.3903430406,0.9393939394,0.9294,NSGAIII
1.589759937,0.3900789614,0.9696969697,0.9161,NSGAIII
1.1599540186,0.3810175298,0.9494949495,0.9518,NSGAIII
1.4934153899,0.3900419252,0.9494949495,0.925,NSGAIII
1.5615237808,0.3901276084,0.9797979798,0.8895,NSGAIII
1.5439961878,0.3908272828,0.9696969697,0.8959,NSGAIII
1.0637962654,0.3804296734,0.9292929293,0.9346,NSGAIII
1.8756376518,0.4001166267,0.9393939394,0.853,NSGAIII
1.9002311214,0.4002385014,0.9292929293,0.8856,NSGAIII
1.6082869649,0.3907043604,0.9494949495,0.9261,NSGAIII
1.6065855009,0.3901857621,0.9797979798,0.9064,NSGAIII
1.3708203414,0.3802134986,0.9898989899,0.9404,NSGAIII
1.9136446652,0.400490378,0.9696969697,0.8647,NSGAIII
1.6680821436,0.3914480418,0.9898989899,0.9192,NSGAIII
1.388932309,0.3805247649,0.9898989899,0.9409,NSGAIII
1.6394346647,0.3904296648,0.9696969697,0.9237,NSGAIII
1.1204375407,0.3800485252,0.9696969697,0.9452,NSGAIII
1.9286161899,0.400266987,0.9090909091,0.8889,NSGAIII
1.1431073922,0.3808656613,0.9797979798,0.9473,NSGAIII
0.7686254164,0.3703842356,0.9494949495,0.9728,NSGAIII
1.5257464272,0.3901228831,0.9595959596,0.9124,NSGAIII
1.4812461636,0.3904739163,0.9494949495,0.9124,NSGAIII
1.1634546149,0.380989623,0.9898989899,0.9348,NSGAIII
1.3332282372,0.3814264119,0.9898989899,0.9357,NSGAIII
1.1644922215,0.3808741894,0.9595959596,0.9496,NSGAIII
1.1315616855,0.3801273711,0.9494949495,0.9492,NSGAIII
1.8997257155,0.4007643985,0.9292929293,0.8749,NSGAIII
1.9156514785,0.400542676,0.9393939394,0.8827,NSGAIII
1.8880971953,0.4000099583,0.9191919192,0.87,NSGAIII
2.1908119375,0.4201700673,0.8282828283,0.8594,NSGAIII
2.2061325542,0.4200535194,0.8787878788,0.8505,NSGAIII
2.2005532108,0.4217529151,0.8181818182,0.8662,NSGAIII
2.1930734912,0.4208831316,0.7777777778,0.8629,NSGAIII
1.8298784428,0.3809110655,1,0.8772,NSGAIII
1.8895834531,0.3833055983,1,0.884,NSGAIII
1.180357472,0.3709079519,1,0.9308,NSGAIII
1.0669062837,0.370045325,1,0.93,NSGAIII
1.8895379035,0.4002781049,0.898989899,0.8863,NSGAIII
1.8765426402,0.4000331904,0.8888888889,0.8994,NSGAIII
1.9813659501,0.4013247361,0.9090909091,0.901,NSGAIII
2.0500749736,0.4103162339,0.8484848485,0.8849,NSGAIII
2.1098193387,0.4207323318,0.7676767677,0.8531,NSGAIII
2.2132800995,0.4107218915,0.9696969697,0.8554,NSGAIII
2.1492891094,0.421990772,0.7777777778,0.857,NSGAIII
0.8391034145,0.3700814478,0.9898989899,0.9577,NSGAIII
1.8309234451,0.4002144209,0.8888888889,0.8794,NSGAIII
2.0417628066,0.4101062394,0.8181818182,0.8729,NSGAIII
1.5028072134,0.391171947,0.7777777778,0.9261,NSGAIII
0.4424191311,0.360583646,0.9191919192,0.9987,NSGAIII
1.5839074425,0.3909180726,0.8787878788,0.9338,NSGAIII
1.9485343095,0.400182036,0.9090909091,0.8949,NSGAIII
1.9618642523,0.4001424121,0.9292929293,0.8949,NSGAIII
1.8979756866,0.4002759701,0.8383838384,0.9006,NSGAIII
1.9631824038,0.4004823005,0.9191919192,0.8959,NSGAIII
1.8669920545,0.4004562798,0.8888888889,0.886,NSGAIII
0.1298456417,0.1482484477,0.9898989899,1,NSGAIII
1.9019356015,0.4014148689,0.7878787879,0.9065,NSGAIII
0.1685394992,0.2531119961,1,1,NSGAIII
0.1276032122,0.1382531926,1,1,NSGAIII
0.1490043384,0.2031202462,1,1,NSGAIII
0.159890124,0.2308176708,1,1,NSGAIII
0.2069984062,0.3163520002,1,1,NSGAIII
0.1389766367,0.1747029828,1,1,NSGAIII
0.1954111379,0.301975257,1,1,NSGAIII
0.179377638,0.274043214,1,1,NSGAIII
0.2398107668,0.3437350117,1,1,NSGAIII
0.2191521681,0.3309045756,1,1,NSGAIII
0.1889996508,0.29085928,1,1,NSGAIII
0.3217185523,0.3508104345,1,0.9985,NSGAIII
0.1098872857,0.0826194045,0.9898989899,1,NSGAIII
0.356960764,0.3503331529,1,0.9997,NSGAIII
0.7483472004,0.3704446843,0.9797979798,0.9722,NSGAIII
1.0974528258,0.3800469972,0.9494949495,0.9472,NSGAIII
1.1057775173,0.3815453473,0.9797979798,0.9439,NSGAIII
1.1343291284,0.381418951,0.9696969697,0.9461,NSGAIII
1.4734386804,0.3903773487,0.9393939394,0.9193,NSGAIII
1.0785602367,0.3804597588,0.9393939394,0.952,NSGAIII
1.1386166985,0.3800263919,0.9292929293,0.9549,NSGAIII
1.1480257256,0.3803282559,0.9696969697,0.9489,NSGAIII
1.4830039038,0.3900483802,0.9595959596,0.9091,NSGAIII
1.2029563609,0.3802464713,0.9696969697,0.9492,NSGAIII
0.700338863,0.370114707,0.9393939394,0.9657,NSGAIII
1.0927477368,0.3805280788,0.9595959596,0.9423,NSGAIII
1.9596473496,0.4002093388,0.9494949495,0.8702,NSGAIII
2.0752921257,0.4103105084,0.8686868687,0.8757,NSGAIII
1.9123739253,0.4016531634,0.9191919192,0.8862,NSGAIII
2.1084242351,0.4100356015,0.8585858586,0.8808,NSGAIII
2.1541631757,0.4129754301,0.9191919192,0.8753,NSGAIII
1.9136331442,0.4006583395,0.8080808081,0.9098,NSGAIII
1.8852307249,0.4002277669,0.7676767677,0.9031,NSGAIII
1.9295042305,0.4007153937,0.898989899,0.9086,NSGAIII
1.9040570989,0.4001785083,0.8787878788,0.9044,NSGAIII
1.9237035314,0.4000735985,0.9191919192,0.8882,NSGAIII
1.8600612404,0.4001067714,0.8787878788,0.8937,NSGAIII
2.0162096901,0.4000578488,0.9292929293,0.8984,NSGAIII
2.0670553873,0.4101419526,0.8585858586,0.8624,NSGAIII
0.8434114735,0.3700505831,0.9898989899,0.9633,NSGAIII
0.0998586594,0.0267682637,1,1,NSGAIII
2.0036227762,0.4000262118,0.9696969697,0.8815,NSGAIII
0.1188572665,0.1090920392,1,1,NSGAIII
2.1410640763,0.4201443182,0.8080808081,0.8543,NSGAIII
2.0477134558,0.4114252016,0.8383838384,0.8591,NSGAIII
1.02870098,0.3707152822,1,0.9267,NSGAIII
1.5155598983,0.3801259901,1,0.8551,NSGAIII
1.2175178789,0.3725032956,1,0.9316,NSGAIII
2.1170971453,0.4103808285,0.9191919192,0.868,NSGAIII
2.1244354295,0.4109149605,0.9191919192,0.8701,NSGAIII
2.1230667455,0.4205220252,0.797979798,0.856,NSGAIII
2.0824146865,0.4109367923,0.898989899,0.8796,NSGAIII
2.1872651577,0.4201362791,0.8282828283,0.8574,NSGAIII
1.9644950894,0.4006023372,0.9595959596,0.8936,NSGAIII
1.939653909,0.4016704426,0.9393939394,0.894,NSGAIII
2.0356323523,0.4101487503,0.8282828283,0.8591,NSGAIII
2.1525113203,0.4204453396,0.7777777778,0.8621,NSGAIII
2.1471253126,0.4202371208,0.8181818182,0.8541,NSGAIII
2.1588275797,0.4205624272,0.7878787879,0.8597,NSGAIII
2.172318876,0.4210831715,0.8181818182,0.8607,NSGAIII
2.1692602563,0.420029769,0.7676767677,0.8637,NSGAIII
2.1920582079,0.4211299624,0.8383838384,0.8568,NSGAIII
2.1669463208,0.4213689169,0.8080808081,0.8621,NSGAIII
2.0882736368,0.4106436902,0.797979798,0.8903,NSGAIII
2.1663857724,0.420080971,0.8484848485,0.8558,NSGAIII
1.9824357302,0.4004651957,0.9191919192,0.8968,NSGAIII
2.1026204914,0.410253825,0.9393939394,0.8653,NSGAIII
2.0732488822,0.4102966019,0.9292929293,0.8554,NSGAIII
2.0933525865,0.4101684507,0.9292929293,0.8653,NSGAIII
2.0818965678,0.4106690693,0.9595959596,0.862,NSGAIII
2.1542656167,0.4201828241,0.8282828283,0.8573,NSGAIII
2.1353829683,0.4206743061,0.8181818182,0.8537,NSGAIII
2.0200172083,0.4110874093,0.7676767677,0.8593,NSGAIII
2.1226655815,0.4102183839,0.9090909091,0.8781,NSGAIII
2.0251278323,0.4104500432,0.797979798,0.8524,NSGAIII
2.0347088535,0.4101787277,0.7878787879,0.8651,NSGAIII
0.5823897955,0.3600521459,1,0.9854,NSGAIII
0.2097554831,0.3242404387,0.9898989899,1,NSGAIII
0.4799636017,0.3604898814,0.9797979798,0.9951,NSGAIII
0.2745172718,0.3520110212,0.9898989899,1,NSGAIII
0.269559007,0.3518472538,0.9898989899,0.9999,NSGAIII
0.4480639512,0.3602222372,0.9797979798,0.9926,NSGAIII
0.481978028,0.3606241402,0.9898989899,0.9929,NSGAIII
0.4525080991,0.3607721697,0.9696969697,0.9979,NSGAIII
0.4664313393,0.3603841687,0.9494949495,0.9987,NSGAIII
0.3697613934,0.3508524098,1,0.9999,NSGAIII
0.2588224201,0.3509572105,0.9696969697,1,NSGAIII
0.2496860929,0.3501142202,0.9696969697,0.9999,NSGAIII
0.4374312041,0.3600002974,0.9797979798,0.9916,NSGAIII
0.4425706117,0.3603236007,0.9898989899,0.9906,NSGAIII
0.4513490049,0.3606064361,0.9898989899,0.992,NSGAIII
0.1987639634,0.3111265976,0.9595959596,1,NSGAIII
0.2270572841,0.341303443,0.9898989899,1,NSGAIII
0.2472927577,0.350196011,0.9797979798,0.9997,NSGAIII
0.7380558183,0.3702002741,0.9494949495,0.9657,NSGAIII
0.4463467296,0.3605199487,0.9595959596,0.9964,NSGAIII
0.4380155745,0.3603868793,0.9494949495,0.9983,NSGAIII
0.1994513003,0.2967885051,0.9898989899,1,RVEA
0.2097131119,0.3102974772,0.9595959596,1,RVEA
0.2288630399,0.3316029525,0.9898989899,1,RVEA
0.1886395267,0.2740742131,1,1,RVEA
0.6985967926,0.3607835431,1,0.9695,RVEA
0.0993318642,0.0454786396,1,1,RVEA
1.3208490183,0.3705344099,0.898989899,0.9129,RVEA
1.8191499902,0.3803543228,0.8585858586,0.876,RVEA
1.7255379956,0.3800735682,0.8686868687,0.8501,RVEA
1.0676437782,0.3719228942,0.9696969697,0.8976,RVEA
0.5250878108,0.3607756156,0.9595959596,0.9925,RVEA
1.6518930356,0.3813122945,0.8282828283,0.9243,RVEA
1.8283878222,0.3834422021,0.8484848485,0.9106,RVEA
1.8123740473,0.3807000507,0.9292929293,0.8717,RVEA
1.7896054708,0.3911936266,0.8484848485,0.8582,RVEA
1.6123168087,0.3854509549,0.8282828283,0.9179,RVEA
1.5858034468,0.3747393215,0.9494949495,0.9292,RVEA
0.1793349548,0.2637570577,0.9090909091,1,RVEA
0.583872494,0.3606016284,0.9898989899,0.9755,RVEA
0.1358403433,0.1624669799,1,1,RVEA
0.1296831849,0.1402043715,1,1,RVEA
0.1587619788,0.2204679434,0.9898989899,1,RVEA
0.1961459947,0.2846076496,1,1,RVEA
0.1784468053,0.256090798,1,1,RVEA
0.2157056585,0.3149515633,1,1,RVEA
1.1345755632,0.3702035165,0.8888888889,0.9413,RVEA
1.0530178036,0.3701339458,0.9393939394,0.9082,RVEA
0.1586912942,0.2137145404,1,1,RVEA
0.2398496619,0.3413751575,0.9898989899,1,RVEA
0.2434872459,0.3404178151,1,1,RVEA
0.2071982453,0.3034513325,1,1,RVEA
0.5375181043,0.3600744947,0.9696969697,0.9911,RVEA
0.674129978,0.3605496529,1,0.9671,RVEA
0.1199474225,0.1124376509,1,1,RVEA
0.2250434573,0.3265793603,1,1,RVEA
0.1675332148,0.230899313,1,1,RVEA
0.1096066583,0.0804938079,1,1,RVEA
1.1393566038,0.3705446952,0.9898989899,0.9029,RVEA
1.1197205066,0.3706650106,0.9494949495,0.9073,RVEA
0.1483479619,0.2024106263,0.9898989899,1,RVEA
0.2360350786,0.3379072508,1,1,RVEA
0.1475651321,0.1865902622,1,1,RVEA
1.2291162183,0.3709547414,0.9393939394,0.9106,RVEA
0.2875632405,0.3500126977,1,1,RVEA
0.1694084575,0.2423156635,0.9898989899,1,RVEA
2.0417395957,0.3918654628,0.7373737374,0.8821,RVEA
1.5481118328,0.3725219754,0.898989899,0.9296,RVEA
1.8415965544,0.390379753,0.9191919192,0.8575,RVEA
2.0299277322,0.3916367306,0.9191919192,0.869,RVEA
2.0012328901,0.3905196646,0.8787878788,0.8805,RVEA
1.862445102,0.3817012202,0.9393939394,0.9022,RVEA
1.98715323,0.3903778646,0.9191919192,0.8675,RVEA
1.8921372427,0.3828777761,0.9292929293,0.9026,RVEA
1.9858383416,0.3927773438,0.9393939394,0.852,RVEA
1.9140001739,0.3854205421,0.9494949495,0.8998,RVEA
1.9435515048,0.3836398284,0.9494949495,0.9012,RVEA
2.0836138453,0.3903928406,0.9494949495,0.8617,RVEA
0.1887714079,0.280146188,0.8888888889,1,RVEA
2.1154777136,0.4015083437,0.9494949495,0.8795,RVEA
0.1396287064,0.178204936,0.9898989899,1,RVEA
0.5940032905,0.3614974311,0.9898989899,0.9852,RVEA
0.2191042144,0.3225554608,0.9898989899,1,RVEA
1.7876361048,0.3818591585,0.8585858586,0.8653,RVEA
1.7560425912,0.3828988697,0.8686868687,0.8593,RVEA
